Database,Series,QueryScenario,Phase,1st Exec,2nd Exec,3rd Exec,Average time,Min time,Max time
sqlite4java,MEDIUM,Set up,Query,"40.53"
sqlite4java,MEDIUM,Load,Query,"441905.73"
sqlite4java,MEDIUM,ENTITY_RETRIEVAL_BY_ID_ONE_ENTITY,Prepare,"15458.78"
sqlite4java,MEDIUM,ENTITY_RETRIEVAL_BY_ID_ONE_ENTITY,Query,"1.94","0.13","0.08","0.72","0.13","1.94"
sqlite4java,MEDIUM,ENTITY_RETRIEVAL_BY_ID_TEN_ENTITIES,Prepare,"3262.02"
sqlite4java,MEDIUM,ENTITY_RETRIEVAL_BY_ID_TEN_ENTITIES,Query,"1.54","0.59","1.81","1.32","0.59","1.54"
sqlite4java,MEDIUM,ENTITY_RETRIEVAL_BY_ID_100_ENTITIES,Prepare,"3735.61"
sqlite4java,MEDIUM,ENTITY_RETRIEVAL_BY_ID_100_ENTITIES,Query,"3.23","2.10","2.08","2.47","2.10","3.23"
sqlite4java,MEDIUM,AGGREGATE_PUBLICATIONS_PER_PUBLISHER_TOP10,Prepare,"1.62"
sqlite4java,MEDIUM,AGGREGATE_PUBLICATIONS_PER_PUBLISHER_TOP10,Query,"4091.66","3925.19","3857.96","3958.27","3925.19","4091.66"
sqlite4java,MEDIUM,AGGREGATE_PUBLICATIONS_PER_PUBLISHER_TOP100,Prepare,"0.90"
sqlite4java,MEDIUM,AGGREGATE_PUBLICATIONS_PER_PUBLISHER_TOP100,Query,"3940.71","3940.56","4095.16","3992.14","3940.56","3940.71"
sqlite4java,MEDIUM,AGGREGATE_PUBLICATIONS_PER_PUBLISHER_ALL,Prepare,"4.52"
sqlite4java,MEDIUM,AGGREGATE_PUBLICATIONS_PER_PUBLISHER_ALL,Query,"4372.55","4272.08","4175.79","4273.47","4272.08","4372.55"
sqlite4java,MEDIUM,AGGREGATE_ISSUES_PER_DECADE_TOP10,Prepare,"0.93"
sqlite4java,MEDIUM,AGGREGATE_ISSUES_PER_DECADE_TOP10,Query,"3916.88","4104.62","3956.97","3992.82","3916.88","4104.62"
sqlite4java,MEDIUM,AGGREGATE_ISSUES_PER_DECADE_TOP100,Prepare,"0.83"
sqlite4java,MEDIUM,AGGREGATE_ISSUES_PER_DECADE_TOP100,Query,"4239.59","4456.20","4113.70","4269.83","4239.59","4456.20"
sqlite4java,MEDIUM,AGGREGATE_ISSUES_PER_DECADE_ALL,Prepare,"0.98"
sqlite4java,MEDIUM,AGGREGATE_ISSUES_PER_DECADE_ALL,Query,"4025.15","4002.77","4047.56","4025.16","4002.77","4025.15"
sqlite4java,MEDIUM,CONDITIONAL_TABLE_SCAN_ALL_STUDIES,Prepare,"1.33"
sqlite4java,MEDIUM,CONDITIONAL_TABLE_SCAN_ALL_STUDIES,Query,"3896.76","3810.43","3818.99","3842.06","3810.43","3896.76"
sqlite4java,MEDIUM,CONDITIONAL_TABLE_SCAN_ALL_BIBLIOGRAPHIC_RESOURCES,Prepare,"1.35"
sqlite4java,MEDIUM,CONDITIONAL_TABLE_SCAN_ALL_BIBLIOGRAPHIC_RESOURCES,Query,"24721.64","26283.99","25260.73","25422.12","24721.64","26283.99"
sqlite4java,MEDIUM,CONDITIONAL_TABLE_SCAN_ALL_BIBLIOGRAPHIC_RESOURCES_AND_STUDIES,Prepare,"3.26"
sqlite4java,MEDIUM,CONDITIONAL_TABLE_SCAN_ALL_BIBLIOGRAPHIC_RESOURCES_AND_STUDIES,Query,"4780.61","4891.59","4715.94","4796.04","4780.61","4891.59"
sqlite4java,MEDIUM,GRAPH_LIKE_RELATED_BY_DCTERMS_SUBJECTS_1HOP_ONE_ENTITY,Prepare,"451979.80"
sqlite4java,MEDIUM,GRAPH_LIKE_RELATED_BY_DCTERMS_SUBJECTS_1HOP_ONE_ENTITY,Query,"692.92","30.96","26.51","250.13","30.96","692.92"
sqlite4java,MEDIUM,GRAPH_LIKE_RELATED_BY_DCTERMS_SUBJECTS_1HOP_10_ENTITIES,Prepare,"1884.54"
sqlite4java,MEDIUM,GRAPH_LIKE_RELATED_BY_DCTERMS_SUBJECTS_1HOP_10_ENTITIES,Query,"718.32","126.55","71.37","305.42","126.55","718.32"
sqlite4java,MEDIUM,GRAPH_LIKE_RELATED_BY_DCTERMS_SUBJECTS_1HOP_100_ENTITIES,Prepare,"1991.27"
sqlite4java,MEDIUM,GRAPH_LIKE_RELATED_BY_DCTERMS_SUBJECTS_1HOP_100_ENTITIES,Query,"4100.08","1850.90","1738.90","2563.30","1850.90","4100.08"
sqlite4java,MEDIUM,SCHEMA_CHANGE_INTRODUCE_NEW_PROPERTY,Prepare,"7.26"
sqlite4java,MEDIUM,SCHEMA_CHANGE_INTRODUCE_NEW_PROPERTY,Query,"1.14"
sqlite4java,MEDIUM,SCHEMA_CHANGE_INTRODUCE_STRING_OP,Prepare,"1.15"
sqlite4java,MEDIUM,SCHEMA_CHANGE_INTRODUCE_STRING_OP,Query,"21181.29"
sqlite4java,MEDIUM,SCHEMA_CHANGE_MIGRATE_RDF_TYPE,Prepare,"7.29"
sqlite4java,MEDIUM,SCHEMA_CHANGE_MIGRATE_RDF_TYPE,Query,"66071.02"
sqlite4java,MEDIUM,SCHEMA_CHANGE_REMOVE_RDF_TYPE,Prepare,"2.33"
sqlite4java,MEDIUM,SCHEMA_CHANGE_REMOVE_RDF_TYPE,Query,"13795.24"
sqlite4java,MEDIUM,UPDATE_LOW_SELECTIVITY_PAPER_MEDIUM,Prepare,"0.72"
sqlite4java,MEDIUM,UPDATE_LOW_SELECTIVITY_PAPER_MEDIUM,Query,"17342.08"
sqlite4java,MEDIUM,UPDATE_HIGH_SELECTIVITY_NON_ISSUED,Prepare,"6.50"
sqlite4java,MEDIUM,UPDATE_HIGH_SELECTIVITY_NON_ISSUED,Query,"3341.25"
sqlite4java,MEDIUM,DELETE_LOW_SELECTIVITY_PAPER_MEDIUM,Prepare,"2.72"
sqlite4java,MEDIUM,DELETE_LOW_SELECTIVITY_PAPER_MEDIUM,Query,"7494.29"
sqlite4java,MEDIUM,DELETE_HIGH_SELECTIVIY_NON_ISSUED,Prepare,"0.85"
sqlite4java,MEDIUM,DELETE_HIGH_SELECTIVIY_NON_ISSUED,Query,"281.05"
SQLite-Xerial,MEDIUM,Set up,Query,"110.38"
SQLite-Xerial,MEDIUM,Load,Query,"402980.59"
SQLite-Xerial,MEDIUM,ENTITY_RETRIEVAL_BY_ID_ONE_ENTITY,Prepare,"16513.53"
SQLite-Xerial,MEDIUM,ENTITY_RETRIEVAL_BY_ID_ONE_ENTITY,Query,"0.33","0.08","0.06","0.16","0.08","0.33"
SQLite-Xerial,MEDIUM,ENTITY_RETRIEVAL_BY_ID_TEN_ENTITIES,Prepare,"8772.34"
SQLite-Xerial,MEDIUM,ENTITY_RETRIEVAL_BY_ID_TEN_ENTITIES,Query,"0.50","0.42","0.28","0.40","0.42","0.50"
SQLite-Xerial,MEDIUM,ENTITY_RETRIEVAL_BY_ID_100_ENTITIES,Prepare,"9252.77"
SQLite-Xerial,MEDIUM,ENTITY_RETRIEVAL_BY_ID_100_ENTITIES,Query,"2.20","1.66","1.66","1.84","1.66","2.20"
SQLite-Xerial,MEDIUM,AGGREGATE_PUBLICATIONS_PER_PUBLISHER_TOP10,Prepare,"5657.30"
SQLite-Xerial,MEDIUM,AGGREGATE_PUBLICATIONS_PER_PUBLISHER_TOP10,Query,"788.82","810.48","786.76","795.35","788.82","810.48"
SQLite-Xerial,MEDIUM,AGGREGATE_PUBLICATIONS_PER_PUBLISHER_TOP100,Prepare,"6328.80"
SQLite-Xerial,MEDIUM,AGGREGATE_PUBLICATIONS_PER_PUBLISHER_TOP100,Query,"838.30","839.70","838.60","838.87","838.30","839.70"
SQLite-Xerial,MEDIUM,AGGREGATE_PUBLICATIONS_PER_PUBLISHER_ALL,Prepare,"6177.23"
SQLite-Xerial,MEDIUM,AGGREGATE_PUBLICATIONS_PER_PUBLISHER_ALL,Query,"1136.18","1115.80","1084.41","1112.13","1115.80","1136.18"
SQLite-Xerial,MEDIUM,AGGREGATE_ISSUES_PER_DECADE_TOP10,Prepare,"9436.19"
SQLite-Xerial,MEDIUM,AGGREGATE_ISSUES_PER_DECADE_TOP10,Query,"5656.21","5577.21","5530.15","5587.86","5577.21","5656.21"
SQLite-Xerial,MEDIUM,AGGREGATE_ISSUES_PER_DECADE_TOP100,Prepare,"9695.52"
SQLite-Xerial,MEDIUM,AGGREGATE_ISSUES_PER_DECADE_TOP100,Query,"5786.55","5513.64","5580.60","5626.93","5513.64","5786.55"
SQLite-Xerial,MEDIUM,AGGREGATE_ISSUES_PER_DECADE_ALL,Prepare,"9649.27"
SQLite-Xerial,MEDIUM,AGGREGATE_ISSUES_PER_DECADE_ALL,Query,"5655.68","5536.46","5550.16","5580.76","5536.46","5655.68"
SQLite-Xerial,MEDIUM,CONDITIONAL_TABLE_SCAN_ALL_STUDIES,Prepare,"7273.73"
SQLite-Xerial,MEDIUM,CONDITIONAL_TABLE_SCAN_ALL_STUDIES,Query,"4967.76","4846.15","5083.95","4965.95","4846.15","4967.76"
SQLite-Xerial,MEDIUM,CONDITIONAL_TABLE_SCAN_ALL_BIBLIOGRAPHIC_RESOURCES,Prepare,"4.47"
SQLite-Xerial,MEDIUM,CONDITIONAL_TABLE_SCAN_ALL_BIBLIOGRAPHIC_RESOURCES,Query,"27866.32","27506.99","27784.92","27719.41","27506.99","27866.32"
SQLite-Xerial,MEDIUM,CONDITIONAL_TABLE_SCAN_ALL_BIBLIOGRAPHIC_RESOURCES_AND_STUDIES,Prepare,"4.08"
SQLite-Xerial,MEDIUM,CONDITIONAL_TABLE_SCAN_ALL_BIBLIOGRAPHIC_RESOURCES_AND_STUDIES,Query,"5937.04","5730.20","5778.59","5815.28","5730.20","5937.04"
SQLite-Xerial,MEDIUM,GRAPH_LIKE_RELATED_BY_DCTERMS_SUBJECTS_1HOP_ONE_ENTITY,Prepare,"367836.53"
SQLite-Xerial,MEDIUM,GRAPH_LIKE_RELATED_BY_DCTERMS_SUBJECTS_1HOP_ONE_ENTITY,Query,"27.04","24.64","24.05","25.24","24.64","27.04"
SQLite-Xerial,MEDIUM,GRAPH_LIKE_RELATED_BY_DCTERMS_SUBJECTS_1HOP_10_ENTITIES,Prepare,"2284.02"
SQLite-Xerial,MEDIUM,GRAPH_LIKE_RELATED_BY_DCTERMS_SUBJECTS_1HOP_10_ENTITIES,Query,"68.14","65.88","65.73","66.58","65.88","68.14"
SQLite-Xerial,MEDIUM,GRAPH_LIKE_RELATED_BY_DCTERMS_SUBJECTS_1HOP_100_ENTITIES,Prepare,"2354.19"
SQLite-Xerial,MEDIUM,GRAPH_LIKE_RELATED_BY_DCTERMS_SUBJECTS_1HOP_100_ENTITIES,Query,"1390.77","1400.37","1365.34","1385.49","1390.77","1400.37"
SQLite-Xerial,MEDIUM,SCHEMA_CHANGE_INTRODUCE_NEW_PROPERTY,Prepare,"4.11"
SQLite-Xerial,MEDIUM,SCHEMA_CHANGE_INTRODUCE_NEW_PROPERTY,Query,"0.99"
SQLite-Xerial,MEDIUM,SCHEMA_CHANGE_INTRODUCE_STRING_OP,Prepare,"4678.78"
SQLite-Xerial,MEDIUM,SCHEMA_CHANGE_INTRODUCE_STRING_OP,Query,"23606.17"
SQLite-Xerial,MEDIUM,SCHEMA_CHANGE_MIGRATE_RDF_TYPE,Prepare,"6.13"
SQLite-Xerial,MEDIUM,SCHEMA_CHANGE_MIGRATE_RDF_TYPE,Query,"77057.79"
SQLite-Xerial,MEDIUM,SCHEMA_CHANGE_REMOVE_RDF_TYPE,Prepare,"4.08"
SQLite-Xerial,MEDIUM,SCHEMA_CHANGE_REMOVE_RDF_TYPE,Query,"17329.30"
SQLite-Xerial,MEDIUM,UPDATE_LOW_SELECTIVITY_PAPER_MEDIUM,Prepare,"8249.80"
SQLite-Xerial,MEDIUM,UPDATE_LOW_SELECTIVITY_PAPER_MEDIUM,Query,"25041.33"
SQLite-Xerial,MEDIUM,UPDATE_HIGH_SELECTIVITY_NON_ISSUED,Prepare,"5910.08"
SQLite-Xerial,MEDIUM,UPDATE_HIGH_SELECTIVITY_NON_ISSUED,Query,"2984.77"
SQLite-Xerial,MEDIUM,DELETE_LOW_SELECTIVITY_PAPER_MEDIUM,Prepare,"5132.60"
SQLite-Xerial,MEDIUM,DELETE_LOW_SELECTIVITY_PAPER_MEDIUM,Query,"15184.78"
SQLite-Xerial,MEDIUM,DELETE_HIGH_SELECTIVIY_NON_ISSUED,Prepare,"323.05"
SQLite-Xerial,MEDIUM,DELETE_HIGH_SELECTIVIY_NON_ISSUED,Query,"217.26"
PostgreSQL,MEDIUM,Set up,Query,"242.69"
PostgreSQL,MEDIUM,Load,Query,"596258.65"
PostgreSQL,MEDIUM,ENTITY_RETRIEVAL_BY_ID_ONE_ENTITY,Prepare,"4146.86"
PostgreSQL,MEDIUM,ENTITY_RETRIEVAL_BY_ID_ONE_ENTITY,Query,"3.05","0.40","0.46","1.30","0.40","3.05"
PostgreSQL,MEDIUM,ENTITY_RETRIEVAL_BY_ID_TEN_ENTITIES,Prepare,"3819.37"
PostgreSQL,MEDIUM,ENTITY_RETRIEVAL_BY_ID_TEN_ENTITIES,Query,"4.69","1.08","1.16","2.31","1.08","4.69"
PostgreSQL,MEDIUM,ENTITY_RETRIEVAL_BY_ID_100_ENTITIES,Prepare,"3734.02"
PostgreSQL,MEDIUM,ENTITY_RETRIEVAL_BY_ID_100_ENTITIES,Query,"4.95","3.04","2.91","3.63","3.04","4.95"
PostgreSQL,MEDIUM,AGGREGATE_PUBLICATIONS_PER_PUBLISHER_TOP10,Prepare,"3302.00"
PostgreSQL,MEDIUM,AGGREGATE_PUBLICATIONS_PER_PUBLISHER_TOP10,Query,"1339.26","1038.67","1036.60","1138.18","1038.67","1339.26"
PostgreSQL,MEDIUM,AGGREGATE_PUBLICATIONS_PER_PUBLISHER_TOP100,Prepare,"3290.99"
PostgreSQL,MEDIUM,AGGREGATE_PUBLICATIONS_PER_PUBLISHER_TOP100,Query,"1327.32","1075.72","1121.94","1174.99","1075.72","1327.32"
PostgreSQL,MEDIUM,AGGREGATE_PUBLICATIONS_PER_PUBLISHER_ALL,Prepare,"3416.82"
PostgreSQL,MEDIUM,AGGREGATE_PUBLICATIONS_PER_PUBLISHER_ALL,Query,"1820.37","1520.27","1435.92","1592.18","1520.27","1820.37"
PostgreSQL,MEDIUM,AGGREGATE_ISSUES_PER_DECADE_TOP10,Prepare,"5484.88"
PostgreSQL,MEDIUM,AGGREGATE_ISSUES_PER_DECADE_TOP10,Query,"1287.32","813.11","825.87","975.43","813.11","1287.32"
PostgreSQL,MEDIUM,AGGREGATE_ISSUES_PER_DECADE_TOP100,Prepare,"5048.58"
PostgreSQL,MEDIUM,AGGREGATE_ISSUES_PER_DECADE_TOP100,Query,"1213.48","990.76","900.43","1034.89","990.76","1213.48"
PostgreSQL,MEDIUM,AGGREGATE_ISSUES_PER_DECADE_ALL,Prepare,"5204.96"
PostgreSQL,MEDIUM,AGGREGATE_ISSUES_PER_DECADE_ALL,Query,"1300.03","896.77","835.86","1010.88","896.77","1300.03"
PostgreSQL,MEDIUM,CONDITIONAL_TABLE_SCAN_ALL_STUDIES,Prepare,"4308.43"
PostgreSQL,MEDIUM,CONDITIONAL_TABLE_SCAN_ALL_STUDIES,Query,"2236.56","1893.35","1839.98","1989.96","1893.35","2236.56"
PostgreSQL,MEDIUM,CONDITIONAL_TABLE_SCAN_ALL_BIBLIOGRAPHIC_RESOURCES,Prepare,"2237.44"
PostgreSQL,MEDIUM,CONDITIONAL_TABLE_SCAN_ALL_BIBLIOGRAPHIC_RESOURCES,Query,"34506.99","28414.42","24128.33","29016.58","28414.42","34506.99"
PostgreSQL,MEDIUM,CONDITIONAL_TABLE_SCAN_ALL_BIBLIOGRAPHIC_RESOURCES_AND_STUDIES,Prepare,"6118.23"
PostgreSQL,MEDIUM,CONDITIONAL_TABLE_SCAN_ALL_BIBLIOGRAPHIC_RESOURCES_AND_STUDIES,Query,"2459.65","2031.49","2001.93","2164.36","2031.49","2459.65"
PostgreSQL,MEDIUM,GRAPH_LIKE_RELATED_BY_DCTERMS_SUBJECTS_1HOP_ONE_ENTITY,Prepare,"5182.16"
PostgreSQL,MEDIUM,GRAPH_LIKE_RELATED_BY_DCTERMS_SUBJECTS_1HOP_ONE_ENTITY,Query,"3538.66","3389.98","3388.95","3439.19","3389.98","3538.66"
PostgreSQL,MEDIUM,GRAPH_LIKE_RELATED_BY_DCTERMS_SUBJECTS_1HOP_10_ENTITIES,Prepare,"1443.27"
PostgreSQL,MEDIUM,GRAPH_LIKE_RELATED_BY_DCTERMS_SUBJECTS_1HOP_10_ENTITIES,Query,"1.21","0.44","0.46","0.70","0.44","1.21"
PostgreSQL,MEDIUM,GRAPH_LIKE_RELATED_BY_DCTERMS_SUBJECTS_1HOP_100_ENTITIES,Prepare,"1412.10"
PostgreSQL,MEDIUM,GRAPH_LIKE_RELATED_BY_DCTERMS_SUBJECTS_1HOP_100_ENTITIES,Query,"3470.75","3384.40","3371.56","3408.91","3384.40","3470.75"
PostgreSQL,MEDIUM,SCHEMA_CHANGE_INTRODUCE_NEW_PROPERTY,Prepare,"10.58"
PostgreSQL,MEDIUM,SCHEMA_CHANGE_INTRODUCE_NEW_PROPERTY,Query,"25215.62"
PostgreSQL,MEDIUM,SCHEMA_CHANGE_INTRODUCE_STRING_OP,Prepare,"3456.47"
PostgreSQL,MEDIUM,SCHEMA_CHANGE_INTRODUCE_STRING_OP,Query,"169049.59"
PostgreSQL,MEDIUM,SCHEMA_CHANGE_MIGRATE_RDF_TYPE,Prepare,"4841.35"
PostgreSQL,MEDIUM,SCHEMA_CHANGE_MIGRATE_RDF_TYPE,Query,"503979.41"
PostgreSQL,MEDIUM,SCHEMA_CHANGE_REMOVE_RDF_TYPE,Prepare,"24.04"
PostgreSQL,MEDIUM,SCHEMA_CHANGE_REMOVE_RDF_TYPE,Query,"57.96"
PostgreSQL,MEDIUM,UPDATE_LOW_SELECTIVITY_PAPER_MEDIUM,Prepare,"3809.45"
PostgreSQL,MEDIUM,UPDATE_LOW_SELECTIVITY_PAPER_MEDIUM,Query,"157066.50"
PostgreSQL,MEDIUM,UPDATE_HIGH_SELECTIVITY_NON_ISSUED,Prepare,"5607.18"
PostgreSQL,MEDIUM,UPDATE_HIGH_SELECTIVITY_NON_ISSUED,Query,"12806.84"
PostgreSQL,MEDIUM,DELETE_LOW_SELECTIVITY_PAPER_MEDIUM,Prepare,"3404.44"
PostgreSQL,MEDIUM,DELETE_LOW_SELECTIVITY_PAPER_MEDIUM,Query,"15042.79"
PostgreSQL,MEDIUM,DELETE_HIGH_SELECTIVIY_NON_ISSUED,Prepare,"1920.53"
PostgreSQL,MEDIUM,DELETE_HIGH_SELECTIVIY_NON_ISSUED,Query,"97.68"
Virtuoso,MEDIUM,Set up,Query,"1.44"
Virtuoso,MEDIUM,Load,Query,"207996.74"
Virtuoso,MEDIUM,ENTITY_RETRIEVAL_BY_ID_ONE_ENTITY,Prepare,"12476.13"
Virtuoso,MEDIUM,ENTITY_RETRIEVAL_BY_ID_ONE_ENTITY,Query,"7670.51","7556.62","7448.16","7558.43","7556.62","7670.51"
Virtuoso,MEDIUM,ENTITY_RETRIEVAL_BY_ID_TEN_ENTITIES,Prepare,"3410.19"
Virtuoso,MEDIUM,ENTITY_RETRIEVAL_BY_ID_TEN_ENTITIES,Query,"108365.05","110154.13","118569.38","112362.85","108365.05","110154.13"
Virtuoso,MEDIUM,ENTITY_RETRIEVAL_BY_ID_100_ENTITIES,Prepare,"5342.28"
Virtuoso,MEDIUM,ENTITY_RETRIEVAL_BY_ID_100_ENTITIES,Query,"1039322.79","1000658.85","987010.01","1008997.22","1000658.85","1039322.79"
Virtuoso,MEDIUM,AGGREGATE_PUBLICATIONS_PER_PUBLISHER_TOP10,Prepare,"6.06"
Virtuoso,MEDIUM,AGGREGATE_PUBLICATIONS_PER_PUBLISHER_TOP10,Query,"760.02","729.15","722.66","737.28","729.15","760.02"
Virtuoso,MEDIUM,AGGREGATE_PUBLICATIONS_PER_PUBLISHER_TOP100,Prepare,"2.54"
Virtuoso,MEDIUM,AGGREGATE_PUBLICATIONS_PER_PUBLISHER_TOP100,Query,"715.86","727.20","729.60","724.22","715.86","727.20"
Virtuoso,MEDIUM,AGGREGATE_PUBLICATIONS_PER_PUBLISHER_ALL,Prepare,"2.46"
Virtuoso,MEDIUM,AGGREGATE_PUBLICATIONS_PER_PUBLISHER_ALL,Query,"3133.11","2925.65","2998.03","3018.93","2925.65","3133.11"
Virtuoso,MEDIUM,AGGREGATE_ISSUES_PER_DECADE_TOP10,Prepare,"2.72"
Virtuoso,MEDIUM,AGGREGATE_ISSUES_PER_DECADE_TOP10,Query,"2433.03","2449.24","2488.10","2456.79","2433.03","2449.24"
Virtuoso,MEDIUM,AGGREGATE_ISSUES_PER_DECADE_TOP100,Prepare,"2.34"
Virtuoso,MEDIUM,AGGREGATE_ISSUES_PER_DECADE_TOP100,Query,"2494.96","2484.53","2489.37","2489.62","2484.53","2494.96"
Virtuoso,MEDIUM,AGGREGATE_ISSUES_PER_DECADE_ALL,Prepare,"1.84"
Virtuoso,MEDIUM,AGGREGATE_ISSUES_PER_DECADE_ALL,Query,"2559.47","2574.13","2553.15","2562.25","2559.47","2574.13"
Virtuoso,MEDIUM,CONDITIONAL_TABLE_SCAN_ALL_STUDIES,Prepare,"9.11"
Virtuoso,MEDIUM,CONDITIONAL_TABLE_SCAN_ALL_STUDIES,Query,"363825.88","342435.73","318323.82","341528.48","342435.73","363825.88"
Virtuoso,MEDIUM,CONDITIONAL_TABLE_SCAN_ALL_BIBLIOGRAPHIC_RESOURCES,Prepare,"9.23"
Virtuoso,MEDIUM,CONDITIONAL_TABLE_SCAN_ALL_BIBLIOGRAPHIC_RESOURCES,Query,"9011505.54","Error","Error","9011505.54","9011505.54","9011505.54"
Virtuoso,MEDIUM,CONDITIONAL_TABLE_SCAN_ALL_BIBLIOGRAPHIC_RESOURCES_AND_STUDIES,Prepare,"14.56"
Virtuoso,MEDIUM,CONDITIONAL_TABLE_SCAN_ALL_BIBLIOGRAPHIC_RESOURCES_AND_STUDIES,Query,"358167.11","348504.58","349062.50","351911.40","348504.58","358167.11"
Virtuoso,MEDIUM,GRAPH_LIKE_RELATED_BY_DCTERMS_SUBJECTS_1HOP_ONE_ENTITY,Prepare,"1820.52"
Virtuoso,MEDIUM,GRAPH_LIKE_RELATED_BY_DCTERMS_SUBJECTS_1HOP_ONE_ENTITY,Query,"335.93","284.44","325.23","315.20","284.44","335.93"
Virtuoso,MEDIUM,GRAPH_LIKE_RELATED_BY_DCTERMS_SUBJECTS_1HOP_10_ENTITIES,Prepare,"1735.39"
Virtuoso,MEDIUM,GRAPH_LIKE_RELATED_BY_DCTERMS_SUBJECTS_1HOP_10_ENTITIES,Query,"21.44","18.11","20.49","20.02","18.11","21.44"
Virtuoso,MEDIUM,GRAPH_LIKE_RELATED_BY_DCTERMS_SUBJECTS_1HOP_100_ENTITIES,Prepare,"1913.26"
Virtuoso,MEDIUM,GRAPH_LIKE_RELATED_BY_DCTERMS_SUBJECTS_1HOP_100_ENTITIES,Query,"331.85","292.50","325.17","316.51","292.50","331.85"
Virtuoso,MEDIUM,SCHEMA_CHANGE_INTRODUCE_NEW_PROPERTY,Prepare,"Error"
Virtuoso,MEDIUM,SCHEMA_CHANGE_INTRODUCE_NEW_PROPERTY,Query,"Error"
Virtuoso,MEDIUM,SCHEMA_CHANGE_INTRODUCE_STRING_OP,Prepare,"Error"
Virtuoso,MEDIUM,SCHEMA_CHANGE_INTRODUCE_STRING_OP,Query,"Error"
Virtuoso,MEDIUM,SCHEMA_CHANGE_MIGRATE_RDF_TYPE,Prepare,"Error"
Virtuoso,MEDIUM,SCHEMA_CHANGE_MIGRATE_RDF_TYPE,Query,"Error"
Virtuoso,MEDIUM,SCHEMA_CHANGE_REMOVE_RDF_TYPE,Prepare,"Error"
Virtuoso,MEDIUM,SCHEMA_CHANGE_REMOVE_RDF_TYPE,Query,"Error"
Virtuoso,MEDIUM,UPDATE_LOW_SELECTIVITY_PAPER_MEDIUM,Prepare,"Error"
Virtuoso,MEDIUM,UPDATE_LOW_SELECTIVITY_PAPER_MEDIUM,Query,"Error"
Virtuoso,MEDIUM,UPDATE_HIGH_SELECTIVITY_NON_ISSUED,Prepare,"179.28"
Virtuoso,MEDIUM,UPDATE_HIGH_SELECTIVITY_NON_ISSUED,Query,"50413.15"
Virtuoso,MEDIUM,DELETE_LOW_SELECTIVITY_PAPER_MEDIUM,Prepare,"7.33"
Virtuoso,MEDIUM,DELETE_LOW_SELECTIVITY_PAPER_MEDIUM,Query,"2.57"
Virtuoso,MEDIUM,DELETE_HIGH_SELECTIVIY_NON_ISSUED,Prepare,"Error"
Virtuoso,MEDIUM,DELETE_HIGH_SELECTIVIY_NON_ISSUED,Query,"Error"
Fuseki,MEDIUM,Set up,Query,"Error"
Fuseki,MEDIUM,Load,Query,"Error"
Fuseki,MEDIUM,ENTITY_RETRIEVAL_BY_ID_ONE_ENTITY,Prepare,"Error"
Fuseki,MEDIUM,ENTITY_RETRIEVAL_BY_ID_ONE_ENTITY,Query,"Error","Error","Error","Error","Error","Error"
Fuseki,MEDIUM,ENTITY_RETRIEVAL_BY_ID_TEN_ENTITIES,Prepare,"Error"
Fuseki,MEDIUM,ENTITY_RETRIEVAL_BY_ID_TEN_ENTITIES,Query,"Error","Error","Error","Error","Error","Error"
Fuseki,MEDIUM,ENTITY_RETRIEVAL_BY_ID_100_ENTITIES,Prepare,"Error"
Fuseki,MEDIUM,ENTITY_RETRIEVAL_BY_ID_100_ENTITIES,Query,"Error","Error","Error","Error","Error","Error"
Fuseki,MEDIUM,AGGREGATE_PUBLICATIONS_PER_PUBLISHER_TOP10,Prepare,"Error"
Fuseki,MEDIUM,AGGREGATE_PUBLICATIONS_PER_PUBLISHER_TOP10,Query,"Error","Error","Error","Error","Error","Error"
Fuseki,MEDIUM,AGGREGATE_PUBLICATIONS_PER_PUBLISHER_TOP100,Prepare,"Error"
Fuseki,MEDIUM,AGGREGATE_PUBLICATIONS_PER_PUBLISHER_TOP100,Query,"Error","Error","Error","Error","Error","Error"
Fuseki,MEDIUM,AGGREGATE_PUBLICATIONS_PER_PUBLISHER_ALL,Prepare,"Error"
Fuseki,MEDIUM,AGGREGATE_PUBLICATIONS_PER_PUBLISHER_ALL,Query,"Error","Error","Error","Error","Error","Error"
Fuseki,MEDIUM,AGGREGATE_ISSUES_PER_DECADE_TOP10,Prepare,"Error"
Fuseki,MEDIUM,AGGREGATE_ISSUES_PER_DECADE_TOP10,Query,"Error","Error","Error","Error","Error","Error"
Fuseki,MEDIUM,AGGREGATE_ISSUES_PER_DECADE_TOP100,Prepare,"Error"
Fuseki,MEDIUM,AGGREGATE_ISSUES_PER_DECADE_TOP100,Query,"Error","Error","Error","Error","Error","Error"
Fuseki,MEDIUM,AGGREGATE_ISSUES_PER_DECADE_ALL,Prepare,"Error"
Fuseki,MEDIUM,AGGREGATE_ISSUES_PER_DECADE_ALL,Query,"Error","Error","Error","Error","Error","Error"
Fuseki,MEDIUM,CONDITIONAL_TABLE_SCAN_ALL_STUDIES,Prepare,"Error"
Fuseki,MEDIUM,CONDITIONAL_TABLE_SCAN_ALL_STUDIES,Query,"Error","Error","Error","Error","Error","Error"
Fuseki,MEDIUM,CONDITIONAL_TABLE_SCAN_ALL_BIBLIOGRAPHIC_RESOURCES,Prepare,"Error"
Fuseki,MEDIUM,CONDITIONAL_TABLE_SCAN_ALL_BIBLIOGRAPHIC_RESOURCES,Query,"Error","Error","Error","Error","Error","Error"
Fuseki,MEDIUM,CONDITIONAL_TABLE_SCAN_ALL_BIBLIOGRAPHIC_RESOURCES_AND_STUDIES,Prepare,"Error"
Fuseki,MEDIUM,CONDITIONAL_TABLE_SCAN_ALL_BIBLIOGRAPHIC_RESOURCES_AND_STUDIES,Query,"Error","Error","Error","Error","Error","Error"
Fuseki,MEDIUM,GRAPH_LIKE_RELATED_BY_DCTERMS_SUBJECTS_1HOP_ONE_ENTITY,Prepare,"Error"
Fuseki,MEDIUM,GRAPH_LIKE_RELATED_BY_DCTERMS_SUBJECTS_1HOP_ONE_ENTITY,Query,"Error","Error","Error","Error","Error","Error"
Fuseki,MEDIUM,GRAPH_LIKE_RELATED_BY_DCTERMS_SUBJECTS_1HOP_10_ENTITIES,Prepare,"Error"
Fuseki,MEDIUM,GRAPH_LIKE_RELATED_BY_DCTERMS_SUBJECTS_1HOP_10_ENTITIES,Query,"Error","Error","Error","Error","Error","Error"
Fuseki,MEDIUM,GRAPH_LIKE_RELATED_BY_DCTERMS_SUBJECTS_1HOP_100_ENTITIES,Prepare,"Error"
Fuseki,MEDIUM,GRAPH_LIKE_RELATED_BY_DCTERMS_SUBJECTS_1HOP_100_ENTITIES,Query,"Error","Error","Error","Error","Error","Error"
Fuseki,MEDIUM,SCHEMA_CHANGE_INTRODUCE_NEW_PROPERTY,Prepare,"Error"
Fuseki,MEDIUM,SCHEMA_CHANGE_INTRODUCE_NEW_PROPERTY,Query,"Error"
Fuseki,MEDIUM,SCHEMA_CHANGE_INTRODUCE_STRING_OP,Prepare,"Error"
Fuseki,MEDIUM,SCHEMA_CHANGE_INTRODUCE_STRING_OP,Query,"Error"
Fuseki,MEDIUM,SCHEMA_CHANGE_MIGRATE_RDF_TYPE,Prepare,"Error"
Fuseki,MEDIUM,SCHEMA_CHANGE_MIGRATE_RDF_TYPE,Query,"Error"
Fuseki,MEDIUM,SCHEMA_CHANGE_REMOVE_RDF_TYPE,Prepare,"Error"
Fuseki,MEDIUM,SCHEMA_CHANGE_REMOVE_RDF_TYPE,Query,"Error"
Fuseki,MEDIUM,UPDATE_LOW_SELECTIVITY_PAPER_MEDIUM,Prepare,"Error"
Fuseki,MEDIUM,UPDATE_LOW_SELECTIVITY_PAPER_MEDIUM,Query,"Error"
Fuseki,MEDIUM,UPDATE_HIGH_SELECTIVITY_NON_ISSUED,Prepare,"Error"
Fuseki,MEDIUM,UPDATE_HIGH_SELECTIVITY_NON_ISSUED,Query,"Error"
Fuseki,MEDIUM,DELETE_LOW_SELECTIVITY_PAPER_MEDIUM,Prepare,"Error"
Fuseki,MEDIUM,DELETE_LOW_SELECTIVITY_PAPER_MEDIUM,Query,"Error"
Fuseki,MEDIUM,DELETE_HIGH_SELECTIVIY_NON_ISSUED,Prepare,"Error"
Fuseki,MEDIUM,DELETE_HIGH_SELECTIVIY_NON_ISSUED,Query,"Error"
MongoDB,MEDIUM,Set up,Query,"7.42"
MongoDB,MEDIUM,Load,Query,"688359.59"
MongoDB,MEDIUM,ENTITY_RETRIEVAL_BY_ID_ONE_ENTITY,Prepare,"15847.46"
MongoDB,MEDIUM,ENTITY_RETRIEVAL_BY_ID_ONE_ENTITY,Query,"1064.41","940.48","992.86","999.25","940.48","1064.41"
MongoDB,MEDIUM,ENTITY_RETRIEVAL_BY_ID_TEN_ENTITIES,Prepare,"12924.41"
MongoDB,MEDIUM,ENTITY_RETRIEVAL_BY_ID_TEN_ENTITIES,Query,"9480.23","9674.86","9427.21","9527.43","9480.23","9674.86"
MongoDB,MEDIUM,ENTITY_RETRIEVAL_BY_ID_100_ENTITIES,Prepare,"12830.62"
MongoDB,MEDIUM,ENTITY_RETRIEVAL_BY_ID_100_ENTITIES,Query,"98832.38","99950.01","99219.20","99333.86","98832.38","99950.01"
MongoDB,MEDIUM,AGGREGATE_PUBLICATIONS_PER_PUBLISHER_TOP10,Prepare,"0.00"
MongoDB,MEDIUM,AGGREGATE_PUBLICATIONS_PER_PUBLISHER_TOP10,Query,"4166.53","4162.24","3802.95","4043.91","4162.24","4166.53"
MongoDB,MEDIUM,AGGREGATE_PUBLICATIONS_PER_PUBLISHER_TOP100,Prepare,"0.00"
MongoDB,MEDIUM,AGGREGATE_PUBLICATIONS_PER_PUBLISHER_TOP100,Query,"3851.31","3842.43","3918.42","3870.72","3842.43","3851.31"
MongoDB,MEDIUM,AGGREGATE_PUBLICATIONS_PER_PUBLISHER_ALL,Prepare,"0.00"
MongoDB,MEDIUM,AGGREGATE_PUBLICATIONS_PER_PUBLISHER_ALL,Query,"5047.42","5338.55","5301.05","5229.01","5047.42","5338.55"
MongoDB,MEDIUM,AGGREGATE_ISSUES_PER_DECADE_TOP10,Prepare,"0.00"
MongoDB,MEDIUM,AGGREGATE_ISSUES_PER_DECADE_TOP10,Query,"3121.95","3083.72","2985.64","3063.77","3083.72","3121.95"
MongoDB,MEDIUM,AGGREGATE_ISSUES_PER_DECADE_TOP100,Prepare,"0.00"
MongoDB,MEDIUM,AGGREGATE_ISSUES_PER_DECADE_TOP100,Query,"2867.48","2687.86","2719.70","2758.35","2687.86","2867.48"
MongoDB,MEDIUM,AGGREGATE_ISSUES_PER_DECADE_ALL,Prepare,"0.00"
MongoDB,MEDIUM,AGGREGATE_ISSUES_PER_DECADE_ALL,Query,"2800.85","2847.12","3113.52","2920.50","2800.85","2847.12"
MongoDB,MEDIUM,CONDITIONAL_TABLE_SCAN_ALL_STUDIES,Prepare,"0.00"
MongoDB,MEDIUM,CONDITIONAL_TABLE_SCAN_ALL_STUDIES,Query,"3642.24","3765.52","3620.67","3676.14","3642.24","3765.52"
MongoDB,MEDIUM,CONDITIONAL_TABLE_SCAN_ALL_BIBLIOGRAPHIC_RESOURCES,Prepare,"0.00"
MongoDB,MEDIUM,CONDITIONAL_TABLE_SCAN_ALL_BIBLIOGRAPHIC_RESOURCES,Query,"16023.49","16218.87","15715.56","15985.97","16023.49","16218.87"
MongoDB,MEDIUM,CONDITIONAL_TABLE_SCAN_ALL_BIBLIOGRAPHIC_RESOURCES_AND_STUDIES,Prepare,"0.00"
MongoDB,MEDIUM,CONDITIONAL_TABLE_SCAN_ALL_BIBLIOGRAPHIC_RESOURCES_AND_STUDIES,Query,"4753.62","5081.69","4886.67","4907.33","4753.62","5081.69"
MongoDB,MEDIUM,GRAPH_LIKE_RELATED_BY_DCTERMS_SUBJECTS_1HOP_ONE_ENTITY,Prepare,"3626.48"
MongoDB,MEDIUM,GRAPH_LIKE_RELATED_BY_DCTERMS_SUBJECTS_1HOP_ONE_ENTITY,Query,"7385.30","7368.93","7370.72","7374.98","7368.93","7385.30"
MongoDB,MEDIUM,GRAPH_LIKE_RELATED_BY_DCTERMS_SUBJECTS_1HOP_10_ENTITIES,Prepare,"3878.45"
MongoDB,MEDIUM,GRAPH_LIKE_RELATED_BY_DCTERMS_SUBJECTS_1HOP_10_ENTITIES,Query,"83988.05","86836.24","90342.80","87055.70","83988.05","86836.24"
MongoDB,MEDIUM,GRAPH_LIKE_RELATED_BY_DCTERMS_SUBJECTS_1HOP_100_ENTITIES,Prepare,"3824.36"
MongoDB,MEDIUM,GRAPH_LIKE_RELATED_BY_DCTERMS_SUBJECTS_1HOP_100_ENTITIES,Query,"725191.39","708371.33","738001.33","723854.69","708371.33","725191.39"
MongoDB,MEDIUM,SCHEMA_CHANGE_INTRODUCE_NEW_PROPERTY,Prepare,"0.00"
MongoDB,MEDIUM,SCHEMA_CHANGE_INTRODUCE_NEW_PROPERTY,Query,"17724.65"
MongoDB,MEDIUM,SCHEMA_CHANGE_INTRODUCE_STRING_OP,Prepare,"0.00"
MongoDB,MEDIUM,SCHEMA_CHANGE_INTRODUCE_STRING_OP,Query,"233164.96"
MongoDB,MEDIUM,SCHEMA_CHANGE_MIGRATE_RDF_TYPE,Prepare,"0.00"
MongoDB,MEDIUM,SCHEMA_CHANGE_MIGRATE_RDF_TYPE,Query,"66910.28"
MongoDB,MEDIUM,SCHEMA_CHANGE_REMOVE_RDF_TYPE,Prepare,"0.00"
MongoDB,MEDIUM,SCHEMA_CHANGE_REMOVE_RDF_TYPE,Query,"15041.54"
MongoDB,MEDIUM,UPDATE_LOW_SELECTIVITY_PAPER_MEDIUM,Prepare,"0.00"
MongoDB,MEDIUM,UPDATE_LOW_SELECTIVITY_PAPER_MEDIUM,Query,"15549.93"
MongoDB,MEDIUM,UPDATE_HIGH_SELECTIVITY_NON_ISSUED,Prepare,"0.00"
MongoDB,MEDIUM,UPDATE_HIGH_SELECTIVITY_NON_ISSUED,Query,"3800.26"
MongoDB,MEDIUM,DELETE_LOW_SELECTIVITY_PAPER_MEDIUM,Prepare,"0.00"
MongoDB,MEDIUM,DELETE_LOW_SELECTIVITY_PAPER_MEDIUM,Query,"16511.32"
MongoDB,MEDIUM,DELETE_HIGH_SELECTIVIY_NON_ISSUED,Prepare,"0.00"
MongoDB,MEDIUM,DELETE_HIGH_SELECTIVIY_NON_ISSUED,Query,"659.22"
ArangoDB,MEDIUM,Set up,Query,"185.46"
ArangoDB,MEDIUM,Load,Query,"860532.31"
ArangoDB,MEDIUM,ENTITY_RETRIEVAL_BY_ID_ONE_ENTITY,Prepare,"58226.17"
ArangoDB,MEDIUM,ENTITY_RETRIEVAL_BY_ID_ONE_ENTITY,Query,"3226.04","3228.97","3251.67","3235.56","3226.04","3228.97"
ArangoDB,MEDIUM,ENTITY_RETRIEVAL_BY_ID_TEN_ENTITIES,Prepare,"57183.48"
ArangoDB,MEDIUM,ENTITY_RETRIEVAL_BY_ID_TEN_ENTITIES,Query,"32326.06","32403.50","32843.19","32524.25","32326.06","32403.50"
ArangoDB,MEDIUM,ENTITY_RETRIEVAL_BY_ID_100_ENTITIES,Prepare,"56942.40"
ArangoDB,MEDIUM,ENTITY_RETRIEVAL_BY_ID_100_ENTITIES,Query,"321283.01","324626.56","324570.68","323493.42","321283.01","324626.56"
ArangoDB,MEDIUM,AGGREGATE_PUBLICATIONS_PER_PUBLISHER_TOP10,Prepare,"0.00"
ArangoDB,MEDIUM,AGGREGATE_PUBLICATIONS_PER_PUBLISHER_TOP10,Query,"5318.30","5155.03","5154.67","5209.33","5155.03","5318.30"
ArangoDB,MEDIUM,AGGREGATE_PUBLICATIONS_PER_PUBLISHER_TOP100,Prepare,"0.00"
ArangoDB,MEDIUM,AGGREGATE_PUBLICATIONS_PER_PUBLISHER_TOP100,Query,"5159.26","5286.73","5242.06","5229.35","5159.26","5286.73"
ArangoDB,MEDIUM,AGGREGATE_PUBLICATIONS_PER_PUBLISHER_ALL,Prepare,"0.00"
ArangoDB,MEDIUM,AGGREGATE_PUBLICATIONS_PER_PUBLISHER_ALL,Query,"8627.81","8449.40","8643.00","8573.41","8449.40","8627.81"
ArangoDB,MEDIUM,AGGREGATE_ISSUES_PER_DECADE_TOP10,Prepare,"0.00"
ArangoDB,MEDIUM,AGGREGATE_ISSUES_PER_DECADE_TOP10,Query,"8609.02","8814.36","8579.26","8667.55","8609.02","8814.36"
ArangoDB,MEDIUM,AGGREGATE_ISSUES_PER_DECADE_TOP100,Prepare,"0.00"
ArangoDB,MEDIUM,AGGREGATE_ISSUES_PER_DECADE_TOP100,Query,"8711.70","8441.43","9087.28","8746.80","8441.43","8711.70"
ArangoDB,MEDIUM,AGGREGATE_ISSUES_PER_DECADE_ALL,Prepare,"0.00"
ArangoDB,MEDIUM,AGGREGATE_ISSUES_PER_DECADE_ALL,Query,"8752.36","8620.36","8631.40","8668.04","8620.36","8752.36"
ArangoDB,MEDIUM,CONDITIONAL_TABLE_SCAN_ALL_STUDIES,Prepare,"26747.31"
ArangoDB,MEDIUM,CONDITIONAL_TABLE_SCAN_ALL_STUDIES,Query,"1163.44","1138.12","1118.89","1140.15","1138.12","1163.44"
ArangoDB,MEDIUM,CONDITIONAL_TABLE_SCAN_ALL_BIBLIOGRAPHIC_RESOURCES,Prepare,"0.00"
ArangoDB,MEDIUM,CONDITIONAL_TABLE_SCAN_ALL_BIBLIOGRAPHIC_RESOURCES,Query,"79621.34","79662.87","79439.21","79574.47","79621.34","79662.87"
ArangoDB,MEDIUM,CONDITIONAL_TABLE_SCAN_ALL_BIBLIOGRAPHIC_RESOURCES_AND_STUDIES,Prepare,"0.00"
ArangoDB,MEDIUM,CONDITIONAL_TABLE_SCAN_ALL_BIBLIOGRAPHIC_RESOURCES_AND_STUDIES,Query,"14642.05","15018.80","14679.19","14780.01","14642.05","15018.80"
ArangoDB,MEDIUM,GRAPH_LIKE_RELATED_BY_DCTERMS_SUBJECTS_1HOP_ONE_ENTITY,Prepare,"1212865.95"
ArangoDB,MEDIUM,GRAPH_LIKE_RELATED_BY_DCTERMS_SUBJECTS_1HOP_ONE_ENTITY,Query,"2019.36","1956.50","2003.71","1993.19","1956.50","2019.36"
ArangoDB,MEDIUM,GRAPH_LIKE_RELATED_BY_DCTERMS_SUBJECTS_1HOP_10_ENTITIES,Prepare,"26666.50"
ArangoDB,MEDIUM,GRAPH_LIKE_RELATED_BY_DCTERMS_SUBJECTS_1HOP_10_ENTITIES,Query,"16102.13","16170.04","16159.96","16144.05","16102.13","16170.04"
ArangoDB,MEDIUM,GRAPH_LIKE_RELATED_BY_DCTERMS_SUBJECTS_1HOP_100_ENTITIES,Prepare,"54174.19"
ArangoDB,MEDIUM,GRAPH_LIKE_RELATED_BY_DCTERMS_SUBJECTS_1HOP_100_ENTITIES,Query,"149362.54","149080.13","149474.26","149305.65","149080.13","149362.54"
ArangoDB,MEDIUM,SCHEMA_CHANGE_INTRODUCE_NEW_PROPERTY,Prepare,"0.00"
ArangoDB,MEDIUM,SCHEMA_CHANGE_INTRODUCE_NEW_PROPERTY,Query,"343677.61"
ArangoDB,MEDIUM,SCHEMA_CHANGE_INTRODUCE_STRING_OP,Prepare,"0.00"
ArangoDB,MEDIUM,SCHEMA_CHANGE_INTRODUCE_STRING_OP,Query,"335354.92"
ArangoDB,MEDIUM,SCHEMA_CHANGE_MIGRATE_RDF_TYPE,Prepare,"Error"
ArangoDB,MEDIUM,SCHEMA_CHANGE_MIGRATE_RDF_TYPE,Query,"Error"
ArangoDB,MEDIUM,SCHEMA_CHANGE_REMOVE_RDF_TYPE,Prepare,"Error"
ArangoDB,MEDIUM,SCHEMA_CHANGE_REMOVE_RDF_TYPE,Query,"Error"
ArangoDB,MEDIUM,UPDATE_LOW_SELECTIVITY_PAPER_MEDIUM,Prepare,"Error"
ArangoDB,MEDIUM,UPDATE_LOW_SELECTIVITY_PAPER_MEDIUM,Query,"Error"
ArangoDB,MEDIUM,UPDATE_HIGH_SELECTIVITY_NON_ISSUED,Prepare,"Error"
ArangoDB,MEDIUM,UPDATE_HIGH_SELECTIVITY_NON_ISSUED,Query,"Error"
ArangoDB,MEDIUM,DELETE_LOW_SELECTIVITY_PAPER_MEDIUM,Prepare,"Error"
ArangoDB,MEDIUM,DELETE_LOW_SELECTIVITY_PAPER_MEDIUM,Query,"Error"
ArangoDB,MEDIUM,DELETE_HIGH_SELECTIVIY_NON_ISSUED,Prepare,"Error"
ArangoDB,MEDIUM,DELETE_HIGH_SELECTIVIY_NON_ISSUED,Query,"Error"
